GSE29721,GSE49515,GSE29721|GSE49515
SPINK1,HBB,PEG10
GPC3,WBP2,CCNB1
CCL20,CREB5,IGF2BP3
SULT1C2,SH3YL1,LAPTM4B
ACSL4,ITGA10,PRC1
CDKN3,KLRD1,B3GNT5
ASPM,LTF,SGO2
TOP2A,IGIP,UHRF1
ANLN,FPR2,RRM2
CTHRC1,CTTN,RACGAP1
CDK1,KMT5B,CEP55
MMP12,NAPEPLD,CCNE2
NEK2,CIRBP,BCAT1
CENPF,TMEM140,AURKA
NUF2,FGD2,EIF5A2
COCH,EPM2AIP1,SMC4
DLGAP5,C9orf64,FANCI
CAP2,GIMAP8,SOX4
ROBO1,RNASE2,PSPH
COL15A1,P2RY12,SLC26A2
CDCA7,GIMAP1-GIMAP5,C6orf62
NCAPG,NPAS1,KLHL7
PBK,METTL13,ZNF468
TTK,CARD6,CDKN2B
FAM72A,DUSP6,DBF4
GINS1,ATG4C,KIF2A
CCNB2,PPP1R10,CENPN
ECT2,DHFR2,RGCC
UBE2T,ST8SIA4,FIGNL1
STK39,MSN,BAG2
KIF11,FEM1B,GPSM2
BUB1B,NLRC4,SMC2
DUXAP10,PSAT1,GGPS1
BUB1,MLH3,ATP6V1C1
SLC35F6,GIMAP6,STX6
SQLE,LCN2,PRTFDC1
KIF20A,DIDO1,ZNF322
DTL,HLA-DRA,ZNF718
KIF4A,LPAR5,HSPA1B
E2F8,CENPBD1,BTG3
EPPK1,LINC00324,CKAP2
FAM83D,CISH,CENPQ
NDC80,POLR2H,GPATCH2
LRRC1,POP5,CNIH4
CRNDE,CRNKL1,TMEM68
HMMR,LOC283357,DPH6
ADAMDEC1,TRIM13,TMEM267
OIP5,ZFP3,SMC3
KIF14,DCT,HINT3
FLVCR1,HMGCR,ACTL6A
RBM24,ANKRD46,CD58
CD109,RTP4,STK17A
CDC20,ZC3HAV1L,TNPO1
LYZ,ZNF260,NUDCD1
MELK,TLR7,GLS
PRKAA2,BET1,SLC35B3
RPL39L,LRIF1,PRUNE1
EDIL3,CCNA1,C12orf49
PTTG1,SLC24A3,SPTBN1
UBE2C,TLR4,STRBP
CENPW,ZNF420,EXOSC3
PLCB1,EHHADH,LOC284926
MEP1A,ADGRB1,AGPS
ESM1,ACRBP,DCAF13
NUSAP1,HIST1H4H,DCAF16
DNAJC6,CASP4,RAD1
BIRC5,CXCL5,MSI2
TRIM71,LALBA,SACS
MAD2L1,ZNF226,CSE1L
UBD,CHKB-CPT1B,RBM8A
DEPDC1B,MKKS,C10orf88
ZIC2,IL11,BLZF1
LOX,C2orf88,DBR1
SERPINI1,DSG1,STC1
DEPDC1,PLPP6,GPATCH4
ARFGEF3,UBTD2,LIMK2
KIAA0101,TP53RK,PTP4A3
IGF2BP2,PIGM,NAA50
KIF15,FAM65B,SOAT1
ITGA2,XAF1,DIEXF
FABP5,HS3ST3B1,PRCC
TRIP13,EIF2S1,TIPRL
MPP7,GIMAP1,PPIL1
FZD6,RGS18,RBM33
EZH2,C17orf80,ZC2HC1A
ASNS,CCR1,EHD4
TPX2,KBTBD7,HIST1H2BJ
HELLS,SEC62,IRF2BP2
LINC01296,RARRES3,RBM12
RAD51AP1,TNFSF10,WDR76
ZWINT,S100A3,GOLPH3L
CENPK,ARHGAP26,DLEU2
PRR11,ERI2,MCUR1
DTNA,PAQR8,CBLL1
STXBP6,ATP5S,RIF1
GTSE1,ZNF207,LSM11
RASEF,KEAP1,ZBTB9
XK,SOS1,SYNCRIP
LOC101930489,ITSN2,TXNDC9
TNFSF4,ERCC4,GMPS
KIF2C,LTB,INTS7
SPDL1,TMX2-CTNND1,CPSF2
CENPU,TLR8,DESI2
GAS2L3,RMI1,MATR3
COLEC12,C2orf42,MED20
GJC1,LOC102724951,LOC100287896
APOBEC3B,CRLF1,SMIM13
SPC25,BTN1A1,C7orf25
FOXM1,LOC100130938,MIB1
HOXA13,IFNAR1,ASXL1
MCM10,MAP3K7CL,U2SURP
MND1,ITPRIPL2,KIN
GDAP1,LOC100128751,TRMT1L
CDCA3,SLAMF6,FANCF
CDC6,SDPR,PUS7
UBE2S,KDM5A,TMEM251
TRNP1,TTC9C,ZNF765
BARD1,TTC33,GPATCH2L
TOMM40L,PGBD2,MIR22
CASC7,ZNF780A,PLA2G12A
MCM4,MFSD2B,MIR6883
SGCE,CHAC2,LOC100996412
RAB3B,POLH,AVPI1
SMYD3,ZKSCAN4,AHNAK
ATAD2,TNFAIP8L2,LOC101928419
LOXL4,GIMAP4,FAXDC2
MKI67,SH3BGRL2,N4BP2L1
NANOS1,LRIG2,MS4A6A
TTC39A,GIMAP7,PSMA5
MTFR2,BLK,SLC39A14
HJURP,ZNF585A,GADD45B
CCDC34,YIPF5,CDC37L1
PTK2,RNASEL,TTPAL
DNAH14,HIST2H4B,KLF9
CCNA2,PSMB2,EHD3
CAPG,TMEM229B,TBXA2R
CDCA5,MOB3C,ABHD6
MSH2,TMA16,NDFIP2
KIF18B,TIGD7,NCAM1
MCM2,LYST,DUSP1
RFC4,HIGD1A,ALDH5A1
SLC38A6,DCBLD2,ACOX1
FANCD2,CEACAM1,MLYCD
MAP4K4,MINOS1P1,RORA
ZNF320,FASLG,RHOB
KIF18A,PLAGL2,P2RY13
POLE2,FAM200A,CDC14B
ENAH,DCAF1,SLC27A2
E2F7,IL1B,CSRNP1
CENPE,FAM122A,ABAT
CENPL,TESPA1,LOC200772
CKS2,FADS3,CLU
MDK,ZNF818P,GABARAPL3
STIL,UNC5C,ADORA3
PRIM1,VKORC1L1,CBR4
MMP9,MGAT2,NAMPT
GMNN,FAM98B,C8B
LGALS8,MVK,SOCS2
C1orf112,PRAME,SLC31A1
DSCC1,FAM118B,MBNL2
ANP32E,CALD1,UGP2
SUCO,ALG11,AKR7A3
HOXA10,CEP19,CYP3A4
TDRKH,C16orf72,HGD
KPNA2,LOC101060747,APOC4-APOC2
SNORD77,MANEA,HBA2
DLG5,KBTBD6,STEAP4
KIF23,GBP1,ANG
CHML,MIR4656,G6PC
OSBPL3,SLC30A5,HGF
MNS1,HCG8,PPID
PRKDC,SGK223,CYP4F2
TUFT1,RAB39B,TENM1
HS2ST1,CD6,GHR
ITGA6,ZNF232,MFAP3L
ZWILCH,HSPA1L,CLEC1B
BLVRA,UBASH3A,
LOC101927705,LINS1,
PLXNC1,MSC,
TCF19,HEMGN,
LPL,LOC105371967,
B3GALNT1,SNAPC1,
MAPK13,SRSF1,
MCM8,DDX11L2,
TRIM59,BBS10,
F13A1,NMT1,
LOC101928195,ZNF200,
FBXO5,CD274,
PDS5A,TEFM,
KNTC1,SMARCA4,
UNK,KANK1,
OCLN,GLCE,
PODXL,CLCN3,
GMFB,PTAFR,
KNL1,ACSL3,
PIGC,SEC23IP,
COLCA2,DCAF7,
RSRC1,NHLRC2,
NOX4,FRMD3,
MPZL1,PITPNC1,
ZBED8,CMKLR1,
RIT1,SLC40A1,
PARPBP,DDX58,
PDCD2,ITGA7,
LRP11,APMAP,
LEF1,THAP6,
MASTL,C14orf119,
NUP155,FAM171A1,
BLM,ENPP5,
CDC7,NCOA2,
CPD,MED31,
EXO1,LRRN3,
PRMT3,SAP30L,
WHSC1,ACR,
MIR3658,KLF12,
GPR158,MYL9,
CKAP2L,AKAP8,
TAF1A,GRHL1,
TNFSF15,SPARC,
ILF2,GNG5,
FAIM,GEMIN5,
SLC6A8,UMPS,
CEP41,LYPLAL1,
ZKSCAN3,SETX,
ASRGL1,CD48,
SAE1,MDM2,
GPNMB,FHL2,
SOX9,SPX,
C9orf40,DBT,
AZI2,HSD17B1,
CD200,PLEKHA8,
HAUS3,CEP76,
SERF1B,PHF20L1,
ASPH,KCTD21,
STMN1,MCTS1,
CENPH,SRSF10,
PM20D2,HIST1H2AC,
TBCE,DHRS9,
C1orf198,MYLK,
CA12,TRIM35,
ELOVL2,ERICH1,
EGLN1,ZNF91,
SLC39A10,DCAF12,
TRAF5,ARG1,
COL4A1,GIN1,
LAMC1,ZNF84,
WDYHV1,PGM2L1,
TSEN15,AQR,
KLHL34,LOC101926921,
CACYBP,CLIC5,
CDCA7L,PHOX2B,
TBC1D31,WSB1,
RRP15,NCK1-AS1,
OTUD6B,FOXH1,
CHKA,KIAA0040,
SORT1,G3BP1,
GDPD1,SMURF2,
ADCK2,FLJ12120,
FEN1,SAMD9,
NEU1,CANT1,
EFCAB2,NUP58,
RFC3,PRMT2,
EXOC6,KCNJ15,
MCM6,EYA3,
WASF1,ANKEF1,
CENPM,GAPT,
POLR3C,ATP6V1B2,
TRPC1,MRPL33,
FLT1,GNAT1,
DLAT,EPG5,
HN1,GTF3C4,
GTPBP4,HCG27,
SPAG4,CCND3,
GJA1,RARRES1,
ZBTB41,GGT2,
SKA1,TMED7-TICAM2,
RNASEH2A,LOC401317,
C1orf43,MFSD8,
SPEF2,IDH1,
RRAGD,WDR89,
SELM,VAPB,
OLFML2B,YIPF4,
ANXA2,MRPS30,
GSTA4,PANX1,
BAIAP2L1,HAS1,
CDC23,ACKR3,
MCM3,SIGLEC9,
MCM7,STAM2,
COMMD2,CLN5,
ENSA,NAT1,
MIR1236,WDR92,
NSMCE2,QRSL1,
NREP,NCEH1,
SBF2-AS1,NFIB,
ATF7,PRR5L,
NDRG1,TTC16,
PHF19,CHRNA4,
SLAMF8,RSBN1L,
SHCBP1,IL2RG,
EEF1E1,GRSF1,
NRAS,TRAF3IP3,
PSMD4,GART,
THY1,TRBV27,
MIS18A,TUBD1,
ABCC10,GCLM,
CKAP5,LOC153682,
TMPO,POLI,
LOC100130872,STOML1,
NCAPG2,TIGIT,
IGSF3,ZBTB3,
CDKL5,SLC4A3,
TIPIN,PHAX,
PSRC1,GTF2H1,
CTDSPL2,TMEM40,
TPM4,TRIP11,
ZNF300,ZBTB44,
LARS,PLD6,
SRPK2,LHFPL2,
WDHD1,TIAM2,
RAD54B,CDC45,
TLCD1,KRCC1,
MED30,CDON,
SNHG1,OAS1,
VRK1,LCMT2,
GABPB1,RBM12B,
TP53BP2,FBXO22,
GLMP,LRRC69,
GPD2,GUCY1B3,
TARBP1,PIGV,
LMNA,SNAPC3,
COG5,CLPX,
TKT,NHSL2,
MIR15A,AKAP4,
CHEK1,NEXN,
SESTD1,BCDIN3D,
C8orf76,LOC101930115,
UEVLD,GEMIN6,
ARHGEF5,KLHDC10,
NPM1,PDE5A,
CDKN2C,NABP1,
HLTF,LOC101930416,
DHX57,SPIN3,
GORAB,TSPAN8,
ALDOA,F2RL1,
SASS6,C21orf91,
PEA15,TNFAIP6,
NUP205,DDIAS,
LOC101927137,DCLRE1C,
TMEM65,PMS2CL,
ACTG2,DHRS4-AS1,
RAD51C,TRAPPC6B,
MIR7112,PTRH2,
CKS1B,PPP4R3B,
TACC3,RPA4,
IMMP1L,FADD,
ABHD17C,LIMA1,
RUVBL1,MSRB3,
TPR,VPS8,
MSTO1,MID1,
MLLT10,PTPN4,
HDAC11,IKZF1,
TTC13,HERC4,
CPE,ABHD18,
SAC3D1,CMTR2,
RAB11FIP4,KRT2,
SF3B4,RIT2,
LOC642852,RNF14,
LPGAT1,PAX8-AS1,
SPATS2,SLC22A16,
NUP37,CHST11,
MAP4K5,TMEM60,
PAK1,WDR20,
PTGFRN,ELAC1,
TCEB1,PRKY,
ANXA2P2,TSPOAP1-AS1,
S100A10,ASXL2,
HPS3,PLA2R1,
FAM220A,CKMT2-AS1,
RBL1,MFSD4B,
YKT6,ARFIP1,
TTF2,SGMS2,
CNOT9,SH2D3C,
KIF5B,THUMPD3,
SLC50A1,BPNT1,
CSTB,CETN2,
LOC101928615,LIMS1,
METTL21A,ZC3H13,
MZT1,ETNK1,
CCT6A,KLHL9,
SNRPB,SCARNA13,
CDCA2,ZNF786,
HPS1,WDR5B,
COL21A1,OGFOD1,
IFT81,SMIM14,
TJP1,LMOD1,
HMGB2,FAM69A,
TMEM237,ZNF75D,
RCN2,FKBP5,
ZNF107,GFPT1,
PDSS1,LSM8,
MANEAL,PREPL,
ENPP4,SNX20,
MRS2,ZNF559,
LOC100288637,CYB5B,
UBE3B,GXYLT1,
UBAP2L,TAF8,
GEMIN2,NLK,
HECTD2,MLEC,
NENF,LPAR1,
BRIP1,ZNF493,
H2AFX,ADD1,
BORA,DIP2B,
HEATR1,HYLS1,
DUT,TTC22,
FAM189B,SLC35A5,
CKAP4,PWWP2A,
DNAJC9,APOBEC3G,
SSUH2,ZNF33A,
PPP1R2,UQCC1,
STIP1,ZSCAN32,
EFCAB11,TRIM56,
PHOSPHO2-KLHL23,SPTLC2,
LAMA4,CSRNP2,
LPCAT1,ASF1A,
RFX5,MFAP3,
CDC25C,ZNF227,
UCHL5,GFI1B,
TMCO3,LARP4,
C5orf34,STK38L,
HSPB1,WDR3,
RALA,PRKAA1,
CALU,IL17RA,
SNRPD1,C5orf51,
ME2,NID1,
HSP90AB1,SIAH2,
SLC1A3,DCAF10,
KNSTRN,HTR6,
KIAA1462,ZSCAN26,
DYRK2,RBM6,
SYPL1,COPB2,
PRIM2,DYNLL1,
LOC100499489,CCDC126,
PHIP,ZNF234,
VPS72,CRIPT,
MSH6,C10orf128,
HMGN4,CCDC71L,
SOCS5,VENTX,
EFCAB7,CCDC58,
TUG1,MCTP1,
ISX,LACTB2,
ZNF655,EIF4E2,
B4GALT6,ANKRD50,
IRAK1,TMEM5,
SNX27,FAM63A,
GBAP1,ERI1,
METTL18,CLC,
DENR,CRK,
TATDN1,TIRAP,
ZNF605,PIAS4,
ADAM10,NMT2,
DTYMK,TXNDC15,
DUSP12,FARSA,
DIAPH3,CD36,
ZNF678,SF3A3,
TAF5,PRMT6,
EPDR1,HRASLS,
SFR1,NDUFAF4,
CEP152,SDCBP2-AS1,
DDX39A,KRT7,
CAMSAP2,C9orf69,
DEK,STON2,
SMARCC1,CD24,
SUV39H2,LOC102724851,
ITGB3BP,LXN,
LOC401068,WDR36,
MCM3AP-AS1,LY6G6F,
MAPK9,PEAR1,
TES,AGGF1,
ZNF92,CDKL1,
CMSS1,KIF1BP,
CKLF-CMTM1,ATP5E,
MIPOL1,TRAF3,
NDE1,MYCL,
TMEM206,PURA,
TPGS2,BTBD7,
ILF3,ZNF264,
TMEM246,PTGS1,
MRPS23,PDZK1IP1,
DTNBP1,VPS41,
RFWD2,TMC6,
HSF2,NCOA5,
SPA17,METTL14,
ZNF623,SUMO1,
DUS4L,CYP11A1,
NUDT1,METTL6,
ACER3,PARP9,
PXYLP1,UGT1A1,
RPS6KC1,C6orf120,
SCAMP3,DTWD1,
YEATS2,GFPT2,
RBM3,WBSCR22,
FAM149B1,TUBB1,
CLIC1,CYP1B1,
POLA1,ZNF594,
DDX59,RAC3,
PNMA1,PNP,
KDM5B,ND6,
SAYSD1,FZD1,
FOXK1,DNAJC24,
MPV17,PITX1,
POLQ,ORC2,
MAP3K9,FCGR1CP,
ACOT8,SIK2,
NCAPH,SH3BP5L,
KPNA4,KLHDC7B,
COA6,FXR1,
NCAPD2,RSPRY1,
CCSAP,ZNF148,
APH1A,PLD1,
PPP1R9A,PLA2G4A,
MMP11,ARL10,
YWHAZ,RABIF,
BOLA2B,MBLAC2,
MPHOSPH9,YBEY,
C6orf48,MTG2,
ASCC3,CLCC1,
PDCD2L,LIX1L,
PNO1,ERVK3-1,
G2E3,GIT2,
ISG20L2,SNX2,
MAP3K13,MED8,
PFKFB2,STK38,
GINS2,SNAPC2,
SAAL1,SLFN5,
PCNA,SLC35D3,
BRAF,NPL,
AGO2,C19orf12,
CPSF6,PPHLN1,
HEY1,FKBP15,
CDCA8,NAA30,
RMI2,MSR1,
CCT5,SAMD9L,
MYO5C,POLR1B,
FLAD1,PADI2,
PRPF4B,NUP214,
C4orf46,ZNF616,
MCM5,CSTF2T,
FBLIM1,ZNF614,
UBFD1,FAM13A-AS1,
MRPL9,ZNF641,
TRMT6,NDUFAF3,
PFDN4,IRF2,
SLC25A40,GPBP1,
MTMR2,IKBIP,
NDC1,ACP2,
FBXO3,FCGR1B,
RAD51,LOC101930476,
TBL1XR1,KDSR,
BCOR,DET1,
ACBD6,YWHAG,
COMMD8,KLHL6,
TMEM209,TCN2,
TRAM1L1,SLC30A6,
FDPS,ZADH2,
COX20,RRAS2,
KIAA0196,SMIM5,
YEATS4,MIR146A,
LARP4B,YAE1D1,
MIR1248,TFPI,
DNM1L,IQGAP2,
SSR1,PLAG1,
ZSCAN16,RAB11FIP1,
SLC25A43,ZNF248,
GMCL1P1,VGLL4,
ARPP19,INTS5,
ZNF600,NHLRC3,
STAMBPL1,ERP44,
HSPA4,PSIP1,
GTF2H2C,CD79B,
HSPA13,ZFAND4,
HIKESHI,NUDT16,
AIFM2,PLRG1,
MIR6756,PAFAH1B1,
PRKCI,PCED1B,
LCOR,PLEKHF1,
FAM216A,HTR7,
BUB3,THAP5,
GTF2IRD1,LRPAP1,
ZEB1-AS1,ZNF557,
GBP2,NCOR2,
NOL7,GOSR1,
AGFG1,CRYGS,
STAM,RAB27B,
NEDD4L,PEX6,
UBE2D1,UBASH3B,
HSPE1-MOB4,MIR3671,
C17orf75,TRMT13,
CCT2,BEX3,
TREM2,TMEM184C,
CRTAP,NME3,
LOC286052,TMTC3,
BPGM,SREK1IP1,
HIST1H3E,TLR1,
P4HA2,SERAC1,
ACLY,DNAJC15,
TROAP,GCNT1,
AZIN1,ANKRD1,
LOC81691,C1GALT1C1,
SNORA17B,FBXL4,
LOC158402,TECPR2,
ZKSCAN5,NF1P9,
RAD18,WDR4,
TP53I3,GOSR2,
ZBED4,USP31,
CD2AP,AGPAT3,
EFNA4,C20orf197,
MRE11A,RAD52,
BEND3,SHQ1,
PARP12,DNM3,
MCAM,PHKA1,
ANGEL2,INIP,
ERCC8,ATG7,
DDX49,CD163,
GLRX3,P2RY1,
CEP128,AATBC,
LINC01138,FBXL17,
DSN1,APH1B,
NUP160,MYL6B,
CAPRIN1,CRLS1,
CCDC134,RNF219,
EXOC2,PPP1R3D,
TFRC,TMEM200A,
GPR137C,ENTPD4,
DNAJB11,HIF1AN,
MITD1,INHBA,
FAM83H,GPALPP1,
CBX1,PPARA,
CASK,ENOX2,
NPAS2,SCEL,
THOC2,ZNF585B,
ZNF143,CD44,
NBPF20,TMEM216,
8-Sep,PPP4R2,
LOC101928589,MON1B,
ASAP1,MRFAP1L1,
PIGF,ACSL6,
XPO5,SKP2,
DTD2,NDUFAF7,
POGK,TMEM64,
VAMP4,TMEM185A,
ZNF473,IRAK3,
STAU2,LINC00909,
UBQLN4,GPR68,
RNASE1,RAB10,
GNS,MGA,
OSTM1,ARL13B,
P2RX4,SKI,
AACS,TRIM58,
PARD3B,NIPAL3,
MIR6834,GABBR2,
RIOK1,H1FX,
LOC100506844,PGM2,
CDC73,CCDC142,
VPS45,SYNRG,
ARFGEF1,SAP30BP,
SVIP,ZNF542P,
BLOC1S4,TRIM68,
RUSC1,COG6,
CD46,RNF141,
TWF1,AP4E1,
KIAA1586,UBE2L3,
DARS2,LOC101927178,
ABI1,SLC46A2,
ZHX1-C8orf76,NLRP12,
HIST1H2AH,GBP3,
NCBP2,EDEM3,
KIAA1524,PRKAR2B,
GRK3,C6orf203,
XPR1,RAD50,
SUB1,TRNT1,
MAPK1,SNTB2,
H2AFV,SLC35B4,
RBBP5,SLC5A3,
RAP2B,ZNF146,
PTTG3P,ZNF12,
ERMP1,FBXW2,
UTP23,DENND2D,
RAN,NFAM1,
CYP2R1,KPNB1,
HMGXB4,ZNF738,
C12orf73,ZNF573,
RPAP3,GDF5,
RRM1,SLC35A3,
MSANTD3-TMEFF1,PTPRCAP,
ALYREF,IRF5,
DTD1,NIF3L1,
KCNJ5,TNFRSF4,
ABL2,ZNF366,
DZIP3,FBXL20,
ARL6IP6,TLR5,
DR1,ZNF606,
BTBD3,LOC102723694,
LOC646762,STATH,
RAC1,PARVB,
MSH5-SAPCD1,ATPAF1,
DNA2,EDC3,
COL4A2,NFE2L1,
TOPBP1,CFLAR,
SNORA16A,PBX3,
SKA2,HN1L,
FAM208A,DEFA6,
TMEM74,TRIM27,
HNRNPU,MFAP1,
RNF8,FBXO30,
DONSON,NATD1,
ESF1,UBQLN2,
ZSCAN31,HCCS,
PPOX,SENP6,
TPD52,CALHM2,
CBFA2T3,RNF34,
SDC1,TRIM69,
STARD5,GPR132,
FXYD6,FAM114A2,
GAS6-AS1,CHAMP1,
PNPO,PCGF3,
GNAO1,MRPL50,
LARP1B,CCDC97,
ANKRD37,NAIP,
C21orf33,AKAP10,
MPC1,LINC00968,
TNS2,AP2B1,
LEPROT,ZNF2,
SLCO2B1,ASPHD2,
CCBE1,ERCC6L2,
GOT1,STX7,
NUDT6,MRPL27,
CP,FAM200B,
ZFP36,TXLNA,
ALDH4A1,C1orf131,
NSUN6,MIR4321,
SLC23A2,MRPS28,
GLOD5,BIRC3,
MGMT,EXOC5,
MPPED1,MORC2,
ABCA8,POLD3,
PTMS,FYCO1,
ALLC,PDGFA,
FNDC5,TYMS,
PGM1,SON,
PAPSS2,ZNF44,
PTPRB,DCTN5,
MUC6,LFNG,
HAGH,C12orf4,
DPF3,TMEM144,
CLCN5,KIF25,
IL18R1,ZNF780B,
SRD5A1,TTC7B,
AMT,PAX8,
DACH1,C6orf163,
LOC100507577,C11orf54,
CMBL,TMOD2,
GREM2,RFT1,
CAT,NNT-AS1,
QDPR,MR1,
KCNK5,VEZT,
TSKU,PYM1,
ADGRG6,SLAMF7,
ABHD14B,TDRP,
ABCG8,CASP8AP2,
KIAA0922,TPM1,
CD81,PRDM1,
ADHFE1,TRANK1,
RASSF8-AS1,TXN,
ACAA2,PTPN18,
TFPI2,GPR155,
STOM,INTS10,
APCS,MEF2C,
ADI1,MMD,
C16orf46,DDX23,
CTSO,MBTPS2,
PINK1,TAF13,
ART4,IL6R,
COPZ2,MRPL46,
PTN,LOC100133315,
ORM1,TMEM39A,
EPB41L4B,HTR2B,
CCL23,NFYC,
SUOX,TMEM35B,
ENG,GPA33,
CAMK2B,MRPL35,
C1orf162,ZNF397,
TNXB,VPS33A,
GADD45A,ZC3HC1,
FGF14-AS2,THAP1,
OAF,KIAA0907,
CYP4F11,AP5M1,
NAAA,CSTF3,
RDH12,PLEKHA6,
CD14,ZFYVE21,
SLITRK6,APTX,
FYN,PSEN1,
NNMT,TSC22D1,
CCDC25,ZNF431,
PDE2A,SLC16A1,
CLYBL,GPR180,
PCCA,ZNF30,
IVD,ACTA2,
SLC37A4,BTLA,
ASGR2,APCDD1,
ASL,TMEM19,
SLC44A1,TOR1AIP2,
RNF125,TMEM33,
GNA14,AGPAT5,
SCARA5,VPS13D,
BCKDHB,ZC3H8,
ORM2,PARS2,
CYP3A5,FLVCR2,
NGFR,C12orf76,
MTHFD1,CARD8-AS1,
C1orf168,CTPS1,
MYCT1,ELP2,
NKX3-1,ZNF404,
FAHD2A,THAP2,
LPAL2,POC5,
LDB2,ZNF133,
CCND1,SF3B3,
DTX1,KLHL8,
FAM229B,ARMT1,
HAAO,AGFG2,
A2M-AS1,PDXK,
APOH,GPSM3,
LOC105378749,POMP,
CPT2,MED17,
NAPSB,SLC2A13,
ACADVL,MSANTD4,
CHRD,RRS1,
TGFBR3,CDC42EP3,
KLRF1,TRIM14,
ACVR1C,BTN3A2,
CYP3A43,APPBP2,
PRODH2,PRPF38A,
HMGCL,PACRGL,
VMO1,LEO1,
LOC100653086,FOXJ2,
LILRB5,DYNC1I2,
CRYL1,LUC7L3,
SLC25A27,PLD2,
SHMT1,SLC25A19,
KCNJ8,LOC101927933,
SIAE,PSMD12,
FITM1,ALG2,
PTGR1,INSR,
KDM4C,LOC339803,
DNAJC22,MFSD6,
HADH,WRB,
KAZN,KPNA1,
MAD1L1,SLAIN2,
CHST7,XRCC5,
PROC,PPAN-P2RY11,
TM6SF2,PPP3R1,
CYGB,FBXO8,
C8orf46,FASTKD1,
SFRP1,SMAD5,
GLYCTK,PAWR,
KCND3,HSPA6,
PSD3,ARMCX3,
ABCA9,METTL4,
CFH,SLC16A7,
SIGLEC11,FNBP1L,
GPR182,RBM47,
ECM2,RNF170,
APOC3,SART3,
RAB17,PHF23,
ST3GAL6,ALKBH8,
ACSL1,OSGEPL1,
CFD,STT3A,
SLC25A20,CFHR5,
RAB11B-AS1,NCOR1,
C14orf105,TOR1AIP1,
SLC35D1,SFT2D3,
SLX1B-SULT1A4,RAB22A,
NR1I2,UBN2,
SIGIRR,PHBP19,
ATP11C,NPFF,
DHRS1,HACD3,
SERPING1,RGS14,
SDS,KIAA0930,
SLC6A16,PIK3R3,
CYP4V2,POU4F2,
ENTPD5,LINC01410,
RND3,MGC40069,
DBH,LOC101927402,
GABRB3,HNMT,
NUDT7,FZD2,
C1RL,HAVCR2,
SYNE1,FBXO28,
PBLD,TSPAN5,
SULT1A1,ZNF286B,
LIFR,ZNF141,
PXMP2,SNAP23,
HHIP,MAML1,
MASP1,TEAD4,
CPEB3,SLC33A1,
PPFIBP1,LINC00662,
ADH4,POC1B-GALNT4,
PITPNM3,FAM98A,
CFI,SEC22A,
ACAA1,TOR4A,
CYP4F12,RPL22,
GPT,SNX11,
EPHB1,PGRMC1,
MIR29C,KLHL42,
LOC100507472,TMEM55A,
EFHD1,MTMR10,
AR,PHTF1,
DMGDH,YIPF6,
TEK,ZNF624,
CPED1,ANKRD13C,
PLGLB2,LEFTY1,
CYP39A1,FAM86DP,
SYT7,C11orf68,
FAM149A,LEPROTL1,
RNF165,PLEKHA8P1,
MST1L,PGF,
TDO2,ADPRH,
PLCXD3,BTBD10,
LOC102724449,SUSD3,
ALDH1B1,RIC8B,
MRO,ZNF383,
P3H2,AMMECR1L,
ALDH6A1,ATP5G3,
PKHD1,ZNF782,
FCAMR,OSBPL11,
PPP1R3B,HEATR5A,
SLC16A2,ZSCAN2,
SLC28A1,ATL1,
RAMP3,ZNF544,
ABHD14A-ACY1,ZNF721,
IGF1,CAAP1,
TMEM56,FAM105A,
NPHP3-ACAD11,VCPIP1,
ABCG5,TOMM5,
MOGAT1,LMBRD2,
ACADS,C11orf31,
SEC14L2,ZMYM5,
ACADSB,ING1,
CYP2J2,APOL6,
ALDH2,DCP1B,
FANCC,NKX2-2,
PGA4,ZNF41,
LEPR,TRUB1,
GRHPR,PRKCH,
PLIN1,ARSD,
PDK4,INPP5B,
SLC41A2,LINC01420,
F11,BRD8,
SPRYD4,SPG20,
SULT1A2,GTF3C3,
METTL7B,BUD13,
TUBE1,UBR4,
F8,HIST3H2A,
SARDH,RPAIN,
GNE,IER2,
FAM150B,RALGPS2,
HAND2-AS1,MAP3K2,
FST,TLE1,
GPR146,USP30,
CYP2C9,BRD4,
THOP1,IFT57,
ALDOB,NCSTN,
TFR2,BNC2,
MST1,CDKN1C,
INSIG1,NUCKS1,
SERPINA1,JMJD6,
ABCC9,TTC7A,
SPIDR,SDHAP2,
ID2B,USP36,
PTPRD,DNAJC3,
XDH,KLHL24,
PIK3C2G,NDUFV2-AS1,
PCOLCE,PPP2R5C,
SLCO1B3,IREB2,
ANGPTL1,VPS13C,
MPDZ,UHRF1BP1L,
LHX2,DNAJC7,
ETS2,SAMD4B,
PDLIM5,ZNF281,
ECHDC2,PAX5,
TKFC,SAMSN1,
LOC102724562,RBBP6,
LY6E,MYLIP,
DNAJC25-GNG10,CDC42SE1,
LOC100129447,AAED1,
MMAA,MAPK1IP1L,
ADRA1A,MYZAP,
DNALI1,KCNA4,
PDE11A,MTMR12,
STEAP3,TRIM44,
MAN1C1,LOC401261,
GCGR,TAPT1,
KCNJ16,HSPA14,
IGFBP4,TMED4,
SLC25A25,KDM7A,
GFRA1,VPS35,
ADCY1,GDAP2,
PON1,LOC100996919,
GDA,LILRA5,
RBMS3,SERTAD2,
CA2,MGAT4A,
GOT2,PKIB,
BDH2,PABPC1,
SEC14L4,PRKD2,
SLC9B2,KMT2E,
CPS1-IT1,PDE4B,
PLPP3,ELOVL5,
FAM13A,PRELID3B,
DNASE1L3,U2AF1,
EPB41L4A,ATP11B,
OLFML3,JMJD1C,
PFKFB1,STAG1,
RCL1,CXCL16,
RIDA,PMS2P5,
CCL21,CCDC94,
TMEM45A,CCT8,
SORL1,WHAMMP2,
MAT1A,TTN,
NPC1L1,PPM1A,
GCH1,FBRS,
SLC38A4,TLE4,
C1R,NAP1L5,
SLC13A5,HNRNPA1,
PCK2,SMC5,
CFHR3,ZFAND5,
CBS,CXXC5,
ELOVL6,CHD2,
CYP4F3,FOXN3,
SLC39A5,CPM,
PLG,PYROXD1,
CHST4,RAB18,
SLC25A15,VPS13B,
BMPER,GKAP1,
ACOX2,DCUN1D1,
AMDHD1,KMT2C,
TCP10L,EBF1,
CYP4A11,TDG,
DHODH,TAF5L,
ALDH1L1,ZNF609,
CSAD,FGD6,
PTH1R,LINC01578,
BEX1,SNHG8,
ADH6,DNAJB1,
SLC16A4,CNKSR2,
EGR1,ANKRD12,
ETNK2,NAA15,
SYTL5,MEF2A,
FNDC4,HP1BP3,
HPX,B2M,
TPPP2,HSPA9,
ACACB,SKP1,
SHBG,GSPT1,
ATOH8,FBXO33,
LOC101930322,LOC101928617,
PAMR1,MED13,
RUNDC3B,CHD7,
RBP5,NECAP2,
SKAP1,PTPRE,
PEMT,PIK3R1,
FABP1,TCF7L2,
MIR6778,NKTR,
DEPDC7,SFXN3,
PAIP2B,KLHL28,
ETFDH,BEX2,
SAMD5,FOXP1,
CDH19,PLEKHA5,
GCDH,RBM39,
SLC6A12,KRAS,
ENO3,CCL28,
PDE7B,NOCT,
MSRA,AFF3,
BAAT,SESN2,
TAT,KIAA0226L,
GRAMD1C,EIF4G2,
ZFP1,ITPKB,
DCXR,MPZL3,
ACADL,MOP-1,
SLC46A3,KRR1,
HP,ARHGAP24,
CA5A,SOS2,
MT2A,FAHD2CP,
MT1HL1,ZNF34,
SULT1E1,CD300LB,
ASS1,CFL2,
ADAMTS13,MIR6732,
LOC647115,SF3B6,
RCAN1,THRAP3,
SATB1,NAA16,
WDR72,CLCF1,
NR1I3,LUZP1,
OGDHL,ZDHHC2,
VIPR1,XPO7,
NR3C2,NFRKB,
ABCG2,EPT1,
MTTP,LINC-PINT,
COLEC10,ITCH,
ANKRD55,RIN3,
AZGP1,SRRM2,
CDA,EML6,
CLDN10,MXI1,
GPD1,XRCC6,
FGA,KDM2A,
FEZ1,COPA,
PALM2,VPS26A,
CYP4A22,REM2,
GCKR,RNF213,
AASS,WHSC1L1,
AZGP1P1,CCDC50,
HMGCS2,LOC106146153,
SLC7A2,DST,
BLOC1S1-RDH5,NMBR,
GPT2,PCBP2,
CXCL2,KIF16B,
NPW,OSBP,
ACMSD,SNX9,
FTCD,SIK3,
APOA5,NUDT11,
KDM8,RPP14,
SLC4A4,CPNE1,
CIDEB,CDADC1,
MASP2,LOC101929796,
CD1D,LOC100509457,
GSTZ1,C6orf226,
LOC100287413,NAB2,
MT1E,ARMCX1,
ID1,BCL2L11,
ASPA,SP3,
EPHX2,KYNU,
ECM1,METRNL,
HPGD,TNRC6C,
DIRAS3,BBX,
ABCB4,LOC101930107,
TIMD4,JUNB,
FCN2,RP2,
PLGLB1,ZNF274,
MCC,PCMTD1,
OTC,GFOD1,
LOC149703,2-Sep,
ADH1B,ADAM28,
HOGA1,GTF2A2,
EXOSC7,SUN1,
MT1H,RPS6KA5,
ITLN1,NFKBID,
PROZ,DUSP2,
HAL,ARF1,
FOLH1B,JDP2,
MT1X,JOSD1,
ADGRG7,FLJ46875,
SLC25A18,CLDN11,
LOC101927331,PI4K2A,
ANXA10,EXOC4,
FAM65C,DUX4L24,
CXCL12,ZFAND2A,
FBP1,ASB7,
ANGPTL6,LRRFIP1,
SRPX,USP53,
CDHR2,PDE4D,
ITIH4,CHD1L,
CYP2B7P,ASH1L-AS1,
NPY1R,SNORD50B,
PHYHD1,PPP1R15A,
GPM6A,TPPP3,
FETUB,TRIM11,
LDHD,PLK3,
HSD11B1,ARRDC3,
FXYD1,NFKBIA,
CTH,COTL1,
STAB2,CPEB4,
FREM2,LOC100506639,
PGLYRP2,TNRC6A,
MAGI2-AS3,MIR612,
SLC27A5,CEP95,
CYP1A1,YOD1,
CNTN3,TSPYL2,
ALB,LPXN,
FAM134B,SCML1,
KMO,B3GNT7,
IGFALS,CHMP4B,
HEPN1,SFTPC,
CFP,TRAK1,
ACSM5,NDUFAF5,
SMIM24,MED23,
LYVE1,GNAS,
C8A,PRKACB,
DCN,TCF4,
IL13RA2,VNN3,
AGXT2,SLC30A1,
RSPO3,SGK1,
HGFAC,CNST,
PRG4,C10orf76,
ZGPAT,ODF3B,
C6,MIR4657,
MT1G,ARMCX4,
F9,TNFRSF21,
AADAT,NUTM2B-AS1,
KBTBD11,PTEN,
CCL15-CCL14,SLC2A3,
MME,PTPRK,
KLKB1,PRKCE,
HPR,ITPRIP,
ADH1C,EZR,
ACSM3,UBE2D3,
MT1F,DYNC1H1,
SAA2-SAA4,IGHD,
CYP2A7,LRRFIP2,
CYP2C19,SNORD10,
GNMT,CCDC186,
ALDH8A1,C8orf60,
BHMT,ZAK,
LOC101928916,RRAGC,
MARCO,ZNF664,
CYP2A6,HIF1A,
GLYAT,BTG2,
MOGAT2,SLC22A5,
SLC10A1,KLF6,
TSLP,PRRC2C,
ESR1,VTI1A,
CETP,SLC43A2,
CFHR4,ITGAX,
CD5L,SYTL3,
CYP2B6,EML4,
HPD,DPF1,
BCO2,SLC25A36,
LPA,SYAP1,
ZG16,PFKFB3,
IDO2,YTHDC1,
RDH16,LINC00926,
PCK1,ZNF703,
ETNPPL,CCDC59,
SRD5A2,SEC14L1,
AKR1D1,MTPAP,
TMEM27,TRA2A,
FLJ22763,HECA,
CYP26A1,PRKAG2-AS1,
MFSD2A,ZNF451,
CLEC4G,EIF3C,
CLRN3,ABHD13,
LCAT,HIPK1,
BBOX1,LOC730268,
GLS2,SYF2,
THRSP,HCG18,
SLC25A47,NIPBL,
KCNN2,ZNF503,
CLEC4M,CPEB2,
CYP8B1,TMEM59,
C9,PTP4A1,
AFM,AHI1,
OIT3,SYS1,
HAO2,LOC644656,
CRHBP,LOC646626,
CXCL14,TMEM107,
GYS2,MAP3K8,
CYP1A2,PHC3,
FCN3,TRIM52-AS1,
C3P1,RNMT,
NAT2,SLC20A1,
SLC22A1,TOX4,
APOF,ATF7IP2,
LINC01093,TCEA1,
GBA3,ZNF639,
MT1M,PIKFYVE,
CNDP1,LOC114224,
TTC36,IKZF5,
LINC00844,RPL36A,
HAMP,ZNF836,
,GOLGA4,
,AIFM1,
,SLC2A14,
,IRS2,
,HSPD1,
,ZFYVE16,
,OTULIN,
,SNCA,
,ZBTB10,
,BMP1,
,ARMC8,
,LOC100134445,
,DENND1B,
,RTCA,
,PPARD,
,WDR1,
,AKAP8L,
,SMCHD1,
,C16orf87,
,RBM14,
,ATXN1,
,TFDP1,
,KLHL15,
,EIF5,
,ZNF331,
,SRSF11,
,ZCCHC2,
,EIF1,
,FCAR,
,HIST2H2AA4,
,ZBTB21,
,SRSF3,
,TECR,
,SKIL,
,DENND4C,
,SLC35F5,
,CCZ1B,
,SLC25A33,
,RABGEF1,
,GOLGA6A,
,SCAF4,
,UBXN7-AS1,
,DDX3Y,
,OTUD1,
,BAG4,
,AREG,
,SBDSP1,
,AHCTF1P1,
,AREL1,
,LATS1,
,ZNF326,
,C15orf48,
,FTH1,
,SECISBP2L,
,CCDC66,
,KLF4,
,COX4I1,
,WRNIP1,
,TFDP2,
,CNPY2,
,GGNBP2,
,RNF2,
,MAFF,
,PAPD5,
,SPTAN1,
,HLA-DPA1,
,PAIP1,
,JUND,
,CNTNAP2,
,SSH2,
,ETV3,
,YWHAH,
,SFXN1,
,RAD23B,
,GPX3,
,H2AFY,
,RGS1,
,SSX2B,
,CACUL1,
,OPRPN,
,GLE1,
,SLC25A37,
,TRAPPC2B,
,REV3L,
,CDKN1A,
,CYLD,
,EIF4G3,
,NDUFA10,
,SRGN,
,USP12,
,SLC25A29,
,NBR2,
,ZBTB11,
,LOC105372526,
,ZBTB20,
,SCFD1,
,SREK1,
,SFTPB,
,YME1L1,
,ZBTB43,
,LOC101928927,
,BOD1L1,
,ATG13,
,CCNL1,
,NRIP1,
,NFIL3,
,CREM,
,DIAPH1,
,MED26,
,S1PR2,
,C9orf72,
,PRR3,
,TACC1,
,ATG16L1,
,FBXW7,
,TRAF4,
,ZBED6,
,PLAUR,
,SETDB2,
,MALAT1,
,TPP2,
,CSNK1E,
,ISLR,
,NLRP3,
,TRAPPC10,
,SNORA21,
,ALMS1-IT1,
,RGPD6,
,PCP4,
,BCL10,
,HIST1H1D,
,LRRC70,
,PCIF1,
,EPC1,
,ZFC3H1,
,B4GALT1,
,MIR4738,
,SRGAP2,
,APOL1,
,ATP1B1,
,TPM3,
,CDC42,
,TSC22D2,
,PRKRA,
,C15orf39,
,KIF13A,
,REEP2,
,PMS1,
,FOSL2,
,ADRB1,
,RAB20,
,STRAP,
,SYNGR1,
,LOC145474,
,CREBRF,
,ERMN,
,COQ2,
,WIPF1,
,EP400,
,HBP1,
,ATP5C1,
,GABARAPL1,
,FNIP1,
,HSPC102,
,PSMB7,
,POU4F3,
,SDE2,
,LONRF1,
,SPEN,
,LOC101060386,
,OPRM1,
,ATP2B4,
,MTSS1,
,JMY,
,SF1,
,SWAP70,
,LOC101929134,
,TMCC1,
,RHOQ,
,TP53INP2,
,NXT1,
,STAT3,
,GZF1,
,EIF4E,
,ZBTB24,
,SIRT2,
,MPHOSPH6,
,IFNGR1,
,KBTBD2,
,PDCD4,
,NR4A3,
,FUS,
,MORF4L2,
,UBE2B,
,RGPD2,
,ZFAND6,
,KLHL20,
,VEGFA,
,DYNLL2,
,NRIP3,
,CDC42-IT1,
,ZMYM2,
,RMND5A,
,FAM3C,
,IFRD1,
,SEC61B,
,RHOH,
,ADM,
,RC3H2,
,OPA1,
,ATF3,
,LOC643549,
,LOC101930415,
,TRA2B,
,RHOU,
,PHACTR1,
,PMAIP1,
,RPPH1,
,CUL1,
,BTG1,
,GRASP,
,QKI,
,RBM19,
,HLCS,
,COL4A3,
,NPIPA5,
,STXBP3,
,SNORA28,
,DICER1,
,SSBP1,
,TRIO,
,DOCK4,
,TOB1,
,CUL4A,
,POLB,
,SQSTM1,
,POLA2,
,ICOSLG,
,C9orf47,
,DCLRE1A,
,SLC19A1,
,PROSC,
,MYNN,
,MEX3C,
,TCP11L2,
,RNF103,
,LOC399900,
,LATS2,
,NR4A1,
,ENOSF1,
,IFNG,
,LINC00936,
,JUN,
,CYCS,
,THBS1,
,PLK2,
,FOSB,
,SNORD3D,
,UTS2,
,OSM,
,HLA-DRB4,
,NR4A2,
,TFF3,
,DAO,
,ELF2,
,BRE-AS1,
,CXCL8,
,G0S2,
,GAS2L1,
,HBEGF,
